rating,long,place,address,lat,type
4.5,1.5218355,"

Hesperia Andorra la Vella
","Avinguda Doctor Mitjavila, 1 | Rotonda, Andorra la Vella AD500, Andorra ",42.5063174,hotel
4.5,1.5227462,"

Andorra Park Hotel
","C. Les Canals, 24, Andorra la Vella AD500, Andorra ",42.5092791,hotel
4.0,1.5197141,"

Holiday Inn Andorra
","C/ Prat de la Creu 88, Andorra la Vella AD500, Andorra (Formerly Crowne Plaza Andorra)",42.5057102,hotel
4.5,1.5325492,"

Hotel Plaza
","C/ Na Maria Pla 19-21, Andorra la Vella AD500, Andorra ",42.5069403,hotel
4.5,1.6660487,"

Sport Hotel Hermitage & Spa
","Crta General s/n, Soldeu AD100, Andorra ",42.577791,hotel
4.0,1.526445,"

Hotel Acta Arthotel
","Prat de la Creu 15 - 25, Andorra la Vella AD500, Andorra ",42.5070735,hotel
4.0,1.4818459,"

Hotel Princesa Parc
","Carretera General d'Arinsal, Arinsal AD400, Andorra ",42.5748011,hotel
3.5,1.5264444,"

Hotel Mercure
","Carrer de la Roda, Andorra la Vella AD500, Andorra ",42.5077704,hotel
4.0,1.5196841,"

Hotel Pyrenees
","Av. Princep Benlloch 20, Andorra la Vella AD500, Andorra ",42.5074024,hotel
4.0,1.5275458,"

Novotel Andorra
","Prat de la Creu s/n 011, Andorra la Vella AD500, Andorra ",42.5075002,hotel
4.0,1.5251894,"

Hotel De L'Isard
","Av Meritxell 34, Andorra la Vella AD500, Andorra ",42.5079499,hotel
4.0,1.5994581,"

Ski Plaza Hotel
","Ctra General s/n, Canillo AD100, Andorra ",42.5666535,hotel
4.0,1.5313585,"

Centric Atiram Hotel
","Av. Meritxell 87-89, Andorra la Vella AD500, Andorra ",42.5083191,hotel
4.5,1.6660487,"

Sport Hotel Village
","Ctra. General s/n, Soldeu AD100, Andorra ",42.577791,hotel
4.0,1.6511742,"

Hotel Nordic
","Carreterra General s/n | Prat De L'Obac, Sant Pere Del Tarter, El Tarter AD100, Andorra ",42.5801488,hotel
5.0,1.7002186,"

Grau Roig Andorra Boutique Hotel & Spa
","Grau Roig Sector | Ski Resort Granvalira, Grau Roig AD200, Andorra ",42.5324162,hotel
4.5,1.7328467,"

Kandahar Hotel
","C/ Bearn, 5, Pas de la Casa AD200, Andorra ",42.5416243,hotel
4.0,1.4818459,"

Xalet Verdu Hotel
","Prat de Verdu - Carretera General, Arinsal AD400, Andorra ",42.5748011,hotel
4.0,,"

Hotel Piolets Park & Spa
","Carretera General, s/n, Soldeu 100, Andorra ",,hotel
4.0,1.6660487,"

Himalaia Soldeu
","Ctra. Canillo Soldeu, s.n, Soldeu AD100, Andorra ",42.577791,hotel
4.0,1.5247768,"

Hotel Eurostars Andorra Centre
","Avinguda Meritxell, 23, Andorra la Vella AD500, Andorra ",42.5080312,hotel
4.0,1.7308106,"

Hotel Himalaia Pas
","Calle de la Solana, 51, Pas de la Casa AD200, Andorra ",42.5409996,hotel
4.5,1.5901742,"

Hotel L'Ermita
","Ctra de Meritxell, Meritxell, Canillo AD100, Andorra ",42.5531002,hotel
3.5,1.6511742,"

Hotel Llop Gris
","Cami Del Pont Del Tarter, Prat De La Mestranca, El Tarter AD100, Andorra ",42.5801488,hotel
5.0,1.7347695,"

Hotel Les Truites
","C/Dels Pareatges, 8, Pas de la Casa AD200, Andorra ",42.5430553,hotel
4.0,1.5385558,"

Hotel Exe Prisma
","Avinguda del Fener, 14, Escaldes-Engordany AD700, Andorra ",42.5082311,hotel
4.5,1.6511742,"

Hotel del Tarter
","Crta. Nacional 2, El Tarter AD100, Andorra ",42.5801488,hotel
4.5,1.6660487,"

Hotel Roc de Sant Miquel
","Carretera General, Soldeu AD100, Andorra ",42.577791,hotel
4.5,1.733618,"

Hotel Sporting
","Carrer de Catalunya 1, Pas de la Casa AD200, Andorra ",42.5417023,hotel
3.5,1.5994581,"

Hotel Magic Canillo
","Ctra Del Forn s/n Urb Riba Grossa, Canillo AD100, Andorra ",42.5666535,hotel
4.5,1.7318651,"

Font D'Argent Hotel
","C/ Bearn, 20, 22, 24, Pas de la Casa AD200, Andorra ",42.5419351,hotel
3.5,1.5155674,"

Abba Xalet Suites Hotel
","Terra Major de Sispony, S/N, Sispony AD400, Andorra ",42.5340788,hotel
4.0,1.5830224,"

Hotel Paris
","Avda. Joan Marti, 2, B, Pta., Encamp AD200, Andorra ",42.5362652,hotel
4.5,1.4968131,"

Hotel Palarine
","Carretera General d'Arinsal, Erts AD400, Andorra ",42.5615915,hotel
4.5,1.7320206,"

Petit Hotel
","C/ Sant Jordi nom 18, Pas de la Casa AD200, Andorra ",42.5431468,hotel
4.5,1.4856863,"

Hotel Palome
","Ctra d'Arinsal, s/n, Erts AD400, Andorra ",42.5716787,hotel
4.5,1.6511742,"

Neilson Hotel Del Clos
","Carretera General s/n, El Tarter AD100, Andorra ",42.5801488,hotel
4.5,1.5149225,"

Hotel Del Pui
","Av. Del Traves, 5, La Massana, Andorra ",42.5471668,hotel
4.5,1.4818459,"

Hotel Spa Diana Parc
","Ctra. General d'Arinsal, Arinsal AD400, Andorra ",42.5748011,hotel
4.5,1.549253,"

Aparthotel Casa Vella
","Carretera Coll d'Ordino, Ordino AD300, Andorra ",42.5538288,hotel
4.5,1.5210137,"

Hotel Sant Miquel
","Carretera General, 3, Ansalonga AD300, Andorra ",42.5686244,hotel
4.5,1.535718,"

Mola Park Atiram Hotel
","Av. Josep Viladomat 22, Escaldes-Engordany AD700, Andorra ",42.5127024,hotel
4.0,1.7315825,"

Hotel Cristina
","La Solana, 24, Pas de la Casa AD200, Andorra ",42.5425666,hotel
4.5,1.4707758,"

Aparthotel Poblado
","Carretera General, Arinsal AD400, Andorra ",42.5846319,hotel
4.5,1.6018053,"

Hotel Obaga Blanca
","Ctra. del Forn, S/N, Canillo AD100, Andorra ",42.5600937,hotel
4.5,1.5994581,"

Aparthotel Els Meners
","Ctra. General s/n, Canillo AD100, Andorra ",42.5666535,hotel
4.5,1.4818459,"

Hotel Montane
","Carretera General d'Arinsal, Arinsal AD400, Andorra ",42.5748011,hotel
4.0,1.638277,"

Hotel Segle XX
","Ctra General de Ransol s/n, Ransol AD100, Andorra ",42.5814049,hotel
4.5,1.5344953,"

Hotel Coma
","Camp de la Tanada, Ordino AD300, Andorra ",42.5553423,hotel
4.0,1.5198723,"

Hotel Mu
","Av. de la Cortinada, s/n, La Cortinada AD300, Andorra ",42.5719066,hotel
4.0,1.5394499,"

Roc Blanc Hotel
","Plaza Coprincep 5, Escaldes-Engordany AD700, Andorra ",42.5092338,hotel
4.0,1.5445118,"

Hotel Termes Carlemany
","Av. Carlemany 4, Escaldes-Engordany AD700, Andorra ",42.5092218,hotel
4.5,,"

Hotel Parador Canaro
","Carretera General Incles-Soldeu, Incles AD100, Andorra ",,hotel
4.5,1.5595277,"

Hotel Camp del Serrat
","Carretera Engolasters, Escaldes-Engordany AD700, Andorra ",42.5109116,hotel
4.5,1.7312056,"

Hotel Llac Negre
","Carrer Sant Jordi 43, Pas de la Casa AD200, Andorra ",42.5436545,hotel
4.0,1.5153092,"

Magic La Massana
","Avenguda el Traves 7, La Massana AD400, Andorra ",42.5470398,hotel
4.5,1.5357071,"

A Casa Canut Hotel Gastronomic
","Av Carlemany, 107, Escaldes-Engordany AD700, Andorra ",42.5085227,hotel
4.5,1.5994581,"

Hotel Font d'Argent
","Avda del Coprinceps, s/n, Canillo AD100, Andorra ",42.5666535,hotel
4.0,1.6507314,"

Chalet Casale
","El Tarter, Soldeu, Andorra ",42.5798288,hotel
4.5,1.4927411,"

Coma-Bella Hotel Sant Julia de Loria
","Ctra De La Rabassa, Km 6, Andorra la Vella AD600, Andorra ",42.4662168,hotel
4.5,1.7318651,"

Font D'Argent Hotel
","C/ Bearn, 20, 22, 24, Pas de la Casa AD200, Andorra ",42.5419351,hotel
3.5,1.5155674,"

Abba Xalet Suites Hotel
","Terra Major de Sispony, S/N, Sispony AD400, Andorra ",42.5340788,hotel
4.0,1.5830224,"

Hotel Paris
","Avda. Joan Marti, 2, B, Pta., Encamp AD200, Andorra ",42.5362652,hotel
4.5,1.4968131,"

Hotel Palarine
","Carretera General d'Arinsal, Erts AD400, Andorra ",42.5615915,hotel
4.5,1.7320206,"

Petit Hotel
","C/ Sant Jordi nom 18, Pas de la Casa AD200, Andorra ",42.5431468,hotel
4.5,1.4856863,"

Hotel Palome
","Ctra d'Arinsal, s/n, Erts AD400, Andorra ",42.5716787,hotel
4.5,1.6511742,"

Neilson Hotel Del Clos
","Carretera General s/n, El Tarter AD100, Andorra ",42.5801488,hotel
4.5,1.5149225,"

Hotel Del Pui
","Av. Del Traves, 5, La Massana, Andorra ",42.5471668,hotel
4.5,1.4818459,"

Hotel Spa Diana Parc
","Ctra. General d'Arinsal, Arinsal AD400, Andorra ",42.5748011,hotel
4.5,1.549253,"

Aparthotel Casa Vella
","Carretera Coll d'Ordino, Ordino AD300, Andorra ",42.5538288,hotel
4.5,1.5210137,"

Hotel Sant Miquel
","Carretera General, 3, Ansalonga AD300, Andorra ",42.5686244,hotel
4.5,1.535718,"

Mola Park Atiram Hotel
","Av. Josep Viladomat 22, Escaldes-Engordany AD700, Andorra ",42.5127024,hotel
4.0,1.7315825,"

Hotel Cristina
","La Solana, 24, Pas de la Casa AD200, Andorra ",42.5425666,hotel
4.5,1.4707758,"

Aparthotel Poblado
","Carretera General, Arinsal AD400, Andorra ",42.5846319,hotel
4.5,1.6018053,"

Hotel Obaga Blanca
","Ctra. del Forn, S/N, Canillo AD100, Andorra ",42.5600937,hotel
4.5,1.5994581,"

Aparthotel Els Meners
","Ctra. General s/n, Canillo AD100, Andorra ",42.5666535,hotel
4.5,1.4818459,"

Hotel Montane
","Carretera General d'Arinsal, Arinsal AD400, Andorra ",42.5748011,hotel
4.0,1.638277,"

Hotel Segle XX
","Ctra General de Ransol s/n, Ransol AD100, Andorra ",42.5814049,hotel
4.5,1.5344953,"

Hotel Coma
","Camp de la Tanada, Ordino AD300, Andorra ",42.5553423,hotel
4.0,1.5198723,"

Hotel Mu
","Av. de la Cortinada, s/n, La Cortinada AD300, Andorra ",42.5719066,hotel
4.0,1.5394499,"

Roc Blanc Hotel
","Plaza Coprincep 5, Escaldes-Engordany AD700, Andorra ",42.5092338,hotel
4.0,1.5445118,"

Hotel Termes Carlemany
","Av. Carlemany 4, Escaldes-Engordany AD700, Andorra ",42.5092218,hotel
4.5,,"

Hotel Parador Canaro
","Carretera General Incles-Soldeu, Incles AD100, Andorra ",,hotel
4.5,1.5595277,"

Hotel Camp del Serrat
","Carretera Engolasters, Escaldes-Engordany AD700, Andorra ",42.5109116,hotel
4.5,1.7312056,"

Hotel Llac Negre
","Carrer Sant Jordi 43, Pas de la Casa AD200, Andorra ",42.5436545,hotel
4.0,1.5153092,"

Magic La Massana
","Avenguda el Traves 7, La Massana AD400, Andorra ",42.5470398,hotel
4.5,1.5357071,"

A Casa Canut Hotel Gastronomic
","Av Carlemany, 107, Escaldes-Engordany AD700, Andorra ",42.5085227,hotel
4.5,1.5994581,"

Hotel Font d'Argent
","Avda del Coprinceps, s/n, Canillo AD100, Andorra ",42.5666535,hotel
4.0,1.6507314,"

Chalet Casale
","El Tarter, Soldeu, Andorra ",42.5798288,hotel
4.5,1.4927411,"

Coma-Bella Hotel Sant Julia de Loria
","Ctra De La Rabassa, Km 6, Andorra la Vella AD600, Andorra ",42.4662168,hotel
4.0,1.5872696,"

Aparthotel Shusski
","Avenida Francois Mitterrand 83, Encamp AD200, Andorra ",42.5349316,hotel
4.5,1.7325803,"

Hotel De Les Pistes
","Carrer Bearn 008, Pas de la Casa AD200, Andorra ",42.541238,hotel
4.0,1.6105098,"

Hotel Mila
","Ctra dels Cortals, Encamp AD200, Andorra ",42.5335309,hotel
4.0,1.6660487,"

Hotel Naudi
","Carretera General, Soldeu AD100, Andorra ",42.577791,hotel
4.0,1.5132503,"

Hotel Rutllan
","Av del Ravell, 3, La Massana AD400, Andorra ",42.5473946,hotel
4.0,1.5420049,"

Hotel Espel
","Plaza de la Creu Blanca 1, Escaldes-Engordany AD700, Andorra ",42.5104265,hotel
4.5,1.5822883,"

Hotel Univers
","C/ Rene Baulard 13, Encamp AD200, Andorra ",42.5370213,hotel
4.0,1.549253,"

Hotel La Cabana
","Carretera del Coll d'Ordino s/n, Ordino AD300, Andorra ",42.5538288,hotel
4.5,1.549253,"

Casa Vella Hotel Ordino
","Carretera Coll d Ordino s/n Ordino, Ordino AD300, Andorra ",42.5538288,hotel
4.0,1.5388704,"

Hotel Bringue
","Carretera General de Ordino, 3, El Serrat AD300, Andorra ",42.618587,hotel
4.0,1.6660487,"

Hotel Galanthus & Spa
","Crta Gral. n 2 | Km.18, Soldeu AD100, Andorra ",42.577791,hotel
4.0,1.583345,"

Guillem Hotel
","Carrer Dels Arinsols 10, Encamp AD200, Andorra ",42.5356628,hotel
4.0,1.6660487,"

Hotel Bruxelles
","Ctra. General 2, Soldeu AD100, Andorra ",42.577791,hotel
4.0,1.5998403,"

Hotel Bonavida
","Placa Major, Canillo AD100, Andorra ",42.5664294,hotel
4.0,1.5369236,"

Hotel Les Closes
","Avinguda Carlemany 93, Escaldes-Engordany AD700, Andorra ",42.5086202,hotel
4.0,1.6660487,"

Sport Hotel
","Crta. General s/n, Soldeu AD100, Andorra ",42.577791,hotel
4.0,1.5234345,"

Hotel Anyos Park
","Crta. d'Anyos | Crta. d'Anyos, La Massana AD400, Andorra ",42.5327491,hotel
4.0,1.5595277,"

Hotel Roc de Caldes
","Crta d'Engolasters s/n, Escaldes-Engordany AD700, Andorra ",42.5109116,hotel
4.0,1.5135183,"

Hotel Magic Ski
","Avinguda del Ravell 1, La Massana AD400, Andorra ",42.5470174,hotel
4.0,1.7319228,"

Magic Pas Hotel
","Carrer Sant Jordi 19 - 21, Pas de la Casa AD200, Andorra ",42.5426284,hotel
4.0,1.5830224,"

Montecarlo Hotel
","Av. Co-Princep Episcopal 104, Encamp AD200, Andorra ",42.5362652,hotel
4.5,1.7322992,"

Hotel Casado
","Catalunya, 23, Pas de la Casa AD200, Andorra ",42.5420474,hotel
3.5,1.5301422,"

Magic Andorra Hotel
","Av. Doctor Mitjavila 3-9, Andorra la Vella AD500, Andorra ",42.5093171,hotel
3.5,1.7333077,"

Hotel Catalunya
","Carrer Catalunya 4, Pas de la Casa AD200, Andorra ",42.5418292,hotel
4.0,1.4818459,"

Patagonia Atiram Hotel
","Carretera de Compallemple S/n, Arinsal AD400, Andorra ",42.5748011,hotel
3.5,1.4856863,"

St Gothard Hotel
","Carretera d'Arinsal s/n, Erts AD400, Andorra ",42.5716787,hotel
4.0,1.5330732,"

Hotel Babot
","Ctra d'Ordino a Canillo | Cap del Puy, Ordino AD300, Andorra ",42.5556547,hotel
4.0,1.4818459,"

Hostel Micolau
","Ctra General d'Arinsal, 15, Arinsal AD400, Andorra ",42.5748011,hotel
4.0,1.5408519,"

Hotel Metropolis
","Avinguda de les Escoles 25, Escaldes-Engordany AD700, Andorra ",42.5102509,hotel
4.0,1.4921277,"

Hotel Coma Bella
","Crta De La Rabassa Sn, km 6, Sant Julia de Loria AD600, Andorra ",42.4657861,hotel
4.0,1.5872696,"

Aparthotel Shusski
","Avenida Francois Mitterrand 83, Encamp AD200, Andorra ",42.5349316,hotel
4.5,1.7325803,"

Hotel De Les Pistes
","Carrer Bearn 008, Pas de la Casa AD200, Andorra ",42.541238,hotel
4.0,1.6105098,"

Hotel Mila
","Ctra dels Cortals, Encamp AD200, Andorra ",42.5335309,hotel
4.0,1.6660487,"

Hotel Naudi
","Carretera General, Soldeu AD100, Andorra ",42.577791,hotel
4.0,1.5132503,"

Hotel Rutllan
","Av del Ravell, 3, La Massana AD400, Andorra ",42.5473946,hotel
4.0,1.5420049,"

Hotel Espel
","Plaza de la Creu Blanca 1, Escaldes-Engordany AD700, Andorra ",42.5104265,hotel
4.5,1.5822883,"

Hotel Univers
","C/ Rene Baulard 13, Encamp AD200, Andorra ",42.5370213,hotel
4.0,1.549253,"

Hotel La Cabana
","Carretera del Coll d'Ordino s/n, Ordino AD300, Andorra ",42.5538288,hotel
4.5,1.549253,"

Casa Vella Hotel Ordino
","Carretera Coll d Ordino s/n Ordino, Ordino AD300, Andorra ",42.5538288,hotel
4.0,1.5388704,"

Hotel Bringue
","Carretera General de Ordino, 3, El Serrat AD300, Andorra ",42.618587,hotel
4.0,1.6660487,"

Hotel Galanthus & Spa
","Crta Gral. n 2 | Km.18, Soldeu AD100, Andorra ",42.577791,hotel
4.0,1.583345,"

Guillem Hotel
","Carrer Dels Arinsols 10, Encamp AD200, Andorra ",42.5356628,hotel
4.0,1.6660487,"

Hotel Bruxelles
","Ctra. General 2, Soldeu AD100, Andorra ",42.577791,hotel
4.0,1.5998403,"

Hotel Bonavida
","Placa Major, Canillo AD100, Andorra ",42.5664294,hotel
4.0,1.5369236,"

Hotel Les Closes
","Avinguda Carlemany 93, Escaldes-Engordany AD700, Andorra ",42.5086202,hotel
4.0,1.6660487,"

Sport Hotel
","Crta. General s/n, Soldeu AD100, Andorra ",42.577791,hotel
4.0,1.5234345,"

Hotel Anyos Park
","Crta. d'Anyos | Crta. d'Anyos, La Massana AD400, Andorra ",42.5327491,hotel
4.0,1.5595277,"

Hotel Roc de Caldes
","Crta d'Engolasters s/n, Escaldes-Engordany AD700, Andorra ",42.5109116,hotel
4.0,1.5135183,"

Hotel Magic Ski
","Avinguda del Ravell 1, La Massana AD400, Andorra ",42.5470174,hotel
4.0,1.7319228,"

Magic Pas Hotel
","Carrer Sant Jordi 19 - 21, Pas de la Casa AD200, Andorra ",42.5426284,hotel
4.0,1.5830224,"

Montecarlo Hotel
","Av. Co-Princep Episcopal 104, Encamp AD200, Andorra ",42.5362652,hotel
4.5,1.7322992,"

Hotel Casado
","Catalunya, 23, Pas de la Casa AD200, Andorra ",42.5420474,hotel
3.5,1.5301422,"

Magic Andorra Hotel
","Av. Doctor Mitjavila 3-9, Andorra la Vella AD500, Andorra ",42.5093171,hotel
3.5,1.7333077,"

Hotel Catalunya
","Carrer Catalunya 4, Pas de la Casa AD200, Andorra ",42.5418292,hotel
4.0,1.4818459,"

Patagonia Atiram Hotel
","Carretera de Compallemple S/n, Arinsal AD400, Andorra ",42.5748011,hotel
3.5,1.4856863,"

St Gothard Hotel
","Carretera d'Arinsal s/n, Erts AD400, Andorra ",42.5716787,hotel
4.0,1.5330732,"

Hotel Babot
","Ctra d'Ordino a Canillo | Cap del Puy, Ordino AD300, Andorra ",42.5556547,hotel
4.0,1.4818459,"

Hostel Micolau
","Ctra General d'Arinsal, 15, Arinsal AD400, Andorra ",42.5748011,hotel
4.0,1.5408519,"

Hotel Metropolis
","Avinguda de les Escoles 25, Escaldes-Engordany AD700, Andorra ",42.5102509,hotel
4.0,1.4921277,"

Hotel Coma Bella
","Crta De La Rabassa Sn, km 6, Sant Julia de Loria AD600, Andorra ",42.4657861,hotel
4.0,1.7301767,"

Solaris Apartments
","Carrer de la Solana 91, Pas de la Casa, Andorra ",42.5414354,hotel
3.5,1.5396254,"

Golden Tulip Andorra Fenix Hotel
","Prat Gran 3-5, Escaldes-Engordany AD700, Andorra ",42.5095439,hotel
3.5,,"

Hotel Euro Esqui
","Carretera General s/n, Incles AD100, Andorra ",,hotel
3.5,1.5191982,"

Hotel Antic
","Carretera General Ordino Arcalis, s/n, La Cortinada AD300, Andorra ",42.5756916,hotel
3.5,1.5401957,"

Eureka Hotel Les Escaldes
","Avda Carlemany 36, Escaldes-Engordany AD700, Andorra ",42.5087463,hotel
4.0,1.5385558,"

Hotel Prisma
","C/ del Fener, 14, AD700, Andorra ",42.5082311,hotel
3.5,1.5393493,"

Hotel Tudel
","Placa Coprinceps, 8, Escaldes-Engordany AD700, Andorra ",42.5089409,hotel
4.0,1.584897,"

Hotel Coray
","Caballers 38, Encamp AD200, Andorra ",42.5351719,hotel
4.0,1.5493523,"

Hotel Tropical
","Av. Pont de la Tosca, 25, Escaldes-Engordany AD700 , Andorra (Formerly Ibis Andorra)",42.5117812,hotel
3.5,1.7326031,"

Parma Hotel
","Placa Coprincep 26-28, Pas de la Casa AD200, Andorra ",42.5434362,hotel
3.5,1.4926267,"

Imperial Atiram Hotel
","Avenida Rocafort, 27, Sant Julia de Loria AD600, Andorra ",42.469534,hotel
3.5,1.5269558,"

Hotel Andorra Palace
","Meritxell 58, Andorra la Vella AD500, Andorra ",42.5082991,hotel
4.0,1.5717974,"

La Mola
","Av. Joan Marti, 62 | or Av. Coprincep Episcopal 62, AD200, Andorra ",42.529679,hotel
4.5,,"

Guillem Hotel
","Arinsols 10, Andorra la Vella AD 200, Andorra ",,hotel
3.5,1.7333281,"

Hotel Cal Ruiz
","Avinguda Consell General 10-12, Pas de la Casa AD200, Andorra ",42.5440195,hotel
4.0,1.7316173,"

Hotel Guineu
","Carrer la Solana 34, Pas de la Casa AD200, Andorra ",42.5423167,hotel
3.5,1.6660487,"

Ahotels Piolets & Spa
","Ctra General s/n, Soldeu AD100, Andorra ",42.577791,hotel
3.5,1.5342514,"

Exe Princep Hotel
","C/ de la Unio, 5, Escaldes-Engordany AD700, Andorra ",42.5081263,hotel
3.5,1.7315825,"

Alaska Aparthotel
","Carrer de la Solana 4, Pas de la Casa AD200, Andorra ",42.5425666,hotel
3.5,1.5384347,"

Tulip Inn Andorra Delfos Hotel
","Avd del Fener 17, Escaldes-Engordany AD700, Andorra ",42.5081173,hotel
3.0,1.7309835,"

Hotel Reial Pirineus
","Calle de la Solana 64-66, Pas de la Casa AD200, Andorra ",42.5423862,hotel
3.5,1.533196,"

Hotel Les 7 Claus
","Av. Fiter i Rossell 49, Escaldes-Engordany AD700, Andorra ",42.5137555,hotel
3.0,1.5416455,"

Panorama Hotel
","Carretera de l'Obach s/n, Escaldes-Engordany AD700, Andorra ",42.5079192,hotel
3.0,1.7334066,"

Hotel Panda
","Avda del Consell General 11, Pas de la Casa AD200, Andorra ",42.543386,hotel
3.0,1.5133106,"

President Hotel
","Av Santa Coloma 42 - 44, Andorra la Vella AD200, Andorra ",42.5031743,hotel
3.0,1.5408226,"

Hotel & Aparthotel Cosmos
","Av. De les Escoles 10, Escaldes-Engordany AD700, Andorra ",42.5094337,hotel
3.5,1.4888171,"

Xalet Besoli
","Carretera Escladella s/n, Arinsal AD400, Andorra ",42.5691424,hotel
3.5,1.4755676,"

Hotel Sol-Park
","Carretera de Fontaneda, Sant Julia de Loria AD600, Andorra ",42.4574121,hotel
3.5,,"

Niunit Hotel
","Carretera General 1 s/n, El Serrat AD 300, Andorra ",,hotel
3.0,1.5202752,"

Andorra Center
","Dr. Nequi 12, Andorra la Vella AD500, Andorra ",42.5076577,hotel
4.0,1.7301767,"

Solaris Apartments
","Carrer de la Solana 91, Pas de la Casa, Andorra ",42.5414354,hotel
3.5,1.5396254,"

Golden Tulip Andorra Fenix Hotel
","Prat Gran 3-5, Escaldes-Engordany AD700, Andorra ",42.5095439,hotel
3.5,,"

Hotel Euro Esqui
","Carretera General s/n, Incles AD100, Andorra ",,hotel
3.5,1.5191982,"

Hotel Antic
","Carretera General Ordino Arcalis, s/n, La Cortinada AD300, Andorra ",42.5756916,hotel
3.5,1.5401957,"

Eureka Hotel Les Escaldes
","Avda Carlemany 36, Escaldes-Engordany AD700, Andorra ",42.5087463,hotel
4.0,1.5385558,"

Hotel Prisma
","C/ del Fener, 14, AD700, Andorra ",42.5082311,hotel
3.5,1.5393493,"

Hotel Tudel
","Placa Coprinceps, 8, Escaldes-Engordany AD700, Andorra ",42.5089409,hotel
4.0,1.584897,"

Hotel Coray
","Caballers 38, Encamp AD200, Andorra ",42.5351719,hotel
4.0,1.5493523,"

Hotel Tropical
","Av. Pont de la Tosca, 25, Escaldes-Engordany AD700 , Andorra (Formerly Ibis Andorra)",42.5117812,hotel
3.5,1.7326031,"

Parma Hotel
","Placa Coprincep 26-28, Pas de la Casa AD200, Andorra ",42.5434362,hotel
3.5,1.4926267,"

Imperial Atiram Hotel
","Avenida Rocafort, 27, Sant Julia de Loria AD600, Andorra ",42.469534,hotel
3.5,1.5269558,"

Hotel Andorra Palace
","Meritxell 58, Andorra la Vella AD500, Andorra ",42.5082991,hotel
4.0,1.5717974,"

La Mola
","Av. Joan Marti, 62 | or Av. Coprincep Episcopal 62, AD200, Andorra ",42.529679,hotel
4.5,,"

Guillem Hotel
","Arinsols 10, Andorra la Vella AD 200, Andorra ",,hotel
3.5,1.7333281,"

Hotel Cal Ruiz
","Avinguda Consell General 10-12, Pas de la Casa AD200, Andorra ",42.5440195,hotel
4.0,1.7316173,"

Hotel Guineu
","Carrer la Solana 34, Pas de la Casa AD200, Andorra ",42.5423167,hotel
3.5,1.6660487,"

Ahotels Piolets & Spa
","Ctra General s/n, Soldeu AD100, Andorra ",42.577791,hotel
3.5,1.5342514,"

Exe Princep Hotel
","C/ de la Unio, 5, Escaldes-Engordany AD700, Andorra ",42.5081263,hotel
3.5,1.7315825,"

Alaska Aparthotel
","Carrer de la Solana 4, Pas de la Casa AD200, Andorra ",42.5425666,hotel
3.5,1.5384347,"

Tulip Inn Andorra Delfos Hotel
","Avd del Fener 17, Escaldes-Engordany AD700, Andorra ",42.5081173,hotel
3.0,1.7309835,"

Hotel Reial Pirineus
","Calle de la Solana 64-66, Pas de la Casa AD200, Andorra ",42.5423862,hotel
3.5,1.533196,"

Hotel Les 7 Claus
","Av. Fiter i Rossell 49, Escaldes-Engordany AD700, Andorra ",42.5137555,hotel
3.0,1.5416455,"

Panorama Hotel
","Carretera de l'Obach s/n, Escaldes-Engordany AD700, Andorra ",42.5079192,hotel
3.0,1.7334066,"

Hotel Panda
","Avda del Consell General 11, Pas de la Casa AD200, Andorra ",42.543386,hotel
3.0,1.5133106,"

President Hotel
","Av Santa Coloma 42 - 44, Andorra la Vella AD200, Andorra ",42.5031743,hotel
3.0,1.5408226,"

Hotel & Aparthotel Cosmos
","Av. De les Escoles 10, Escaldes-Engordany AD700, Andorra ",42.5094337,hotel
3.5,1.4888171,"

Xalet Besoli
","Carretera Escladella s/n, Arinsal AD400, Andorra ",42.5691424,hotel
3.5,1.4755676,"

Hotel Sol-Park
","Carretera de Fontaneda, Sant Julia de Loria AD600, Andorra ",42.4574121,hotel
3.5,,"

Niunit Hotel
","Carretera General 1 s/n, El Serrat AD 300, Andorra ",,hotel
3.0,1.5202752,"

Andorra Center
","Dr. Nequi 12, Andorra la Vella AD500, Andorra ",42.5076577,hotel
4.5,,"

Grandvalira Ski Resort
","Address: Av. Carlemany 68 | Illa Carlemany Offices, Bureau 401, Andorra la Vella AD700, Andorra ",,attraction
5.0,,"

Lagos de Tristania
","Address: El Serrat, Andorra ",,attraction
4.5,1.4818459,"

Tristaina Lake Trail
","Address: La Coma | Nr. Vallnort Ski Resort, Arcalis, Arinsal, Andorra ",42.5748011,attraction
4.5,1.6660487,"

Soldeu el Tarter
","Address: Soldeu, Andorra ",42.577791,attraction
4.0,1.4818459,"

Vallnord Ski Area, Sector Arinsal
","Address: Av. Traves, 2 - Edf Casa Casa Ferre 10, Arinsal AD400, Andorra ",42.5748011,attraction
4.5,,"

Valle de Incles
","Address: Incles, Andorra ",,attraction
4.5,1.5218355,"

Casa de la Vall
","Address: Carrer de la Vall s/n, Andorra la Vella AD500, Andorra ",42.5063174,attraction
4.5,1.577922,"

National Automobile Museum
","Address: Av. de Joan Marti, 64, Encamp AD200, Andorra ",42.5330329,attraction
4.5,1.6660487,"

Soldeu Ski School
","Address: Main Street, Soldeu, Andorra ",42.577791,attraction
4.0,1.4921277,"

Tobotronc
","Address: Sant Julia de Loria, AD600, Andorra ",42.4657861,attraction
4.5,1.5994581,"

Sant Joan de Caselles
","Address: Ctra. General 2, s/n, Canillo AD100, Andorra ",42.5666535,attraction
4.0,1.5903635,"

Santuario de Meritxell
","Address: Ctra. General, Meritxell, Canillo AD100, Andorra ",42.5557411,attraction
5.0,1.5387862,"

Madriu-Perafita-Claror Valley
","Address: Escaldes-Engordany AD700 , Andorra ",42.5100804,attraction
4.5,,"

Tobacco Museum
","Address: Carrer del Doctor Palau, 17, Sant Julia de Loria AD700, Andorra ",,attraction
4.5,1.4984765,"

Santa Coloma Church
","Address: Santa Coloma AD500, Andorra ",42.4952157,attraction
5.0,1.5387862,"

Juclar Lake
","Address: Incles Valley, Escaldes-Engordany, Andorra ",42.5100804,attraction
4.5,1.5994581,"

Motorcycle Museum
","Address: Ctra. General 2 s/n (al lado de Sant Joan de Caselles), Canillo AD100, Andorra ",42.5666535,attraction
4.5,1.5830224,"

Engolasters Lake-Les Pardines Path
","Address: Engolasters Lake, Encamp, Andorra ",42.5362652,attraction
4.5,,"

Museu Casa d'Areny-Plandolit
","Address: Carrer Major- Casa d'Areny-Plandolit, Ordino AD 300, Andorra ",,attraction
5.0,,"

Sant Cerni de Nagol Church
","Address: Sant Cerni de Nagol, Nagol AD600, Andorra ",,attraction
4.5,1.5218355,"

Sola Irrigation Canal Trail
","Address: Nr. Sant Antoni de la Grella Church, Andorra la Vella, Andorra ",42.5063174,attraction
4.5,1.5830224,"

Engolasters Lake Trail
","Address: Nr. National Automobile Museum, Encamp, Andorra ",42.5362652,attraction
4.5,1.5824488,"

Ethnographic Museum Casa Cristo
","Address: C/ dels Cavallers, 2, Encamp AD200 , Andorra ",42.5352127,attraction
4.0,1.5181146,"

Sant Esteve Church
","Address: Plaza Princep Benlloch, Andorra la Vella AD500, Andorra ",42.5062446,attraction
4.5,1.5595277,"

Sant Miquel d'Engolasters
","Address: Ctra CS 200, AD700, Andorra ",42.5109116,attraction
5.0,1.4815428,"

Comapedrosa Highlands Trail
","Address: Arinsal Road (CG-5), Arinsal, Andorra ",42.5749461,attraction
4.5,1.5234345,"

Sant Cristofol d'Anyos Church
","Address: Anyos, La Massana AD400, Andorra ",42.5327491,attraction
4.5,1.4818459,"

Vallnord Bike Park
","Address: Av. Traves, 2 - Edf Casa Casa Ferre 10, Arinsal AD400, Andorra ",42.5748011,attraction
4.5,1.5330732,"

Miniature Museum
","Address: Edifici Maragda, Ordino AD300, Andorra ",42.5556547,attraction
4.0,1.5994581,"

Ice Palace of Andorra
","Address: Ctra. General, Canillo AD100 , Andorra ",42.5666535,attraction
4.5,1.5218355,"

El Crosto
","Cap Del Carrer, 7 | Baixos, Andorra la Vella, Andorra ",42.5063174,restaurant
4.5,1.531081,"

L'Escenari de Pizzes
","AD 500 | Av. Dr. Mitjavila 19, Andorra la Vella AD 500, Andorra ",42.5098189,restaurant
4.5,1.5225895,"

The Tea Shop
","Calle La Llacuna, 2, Andorra la Vella AD500, Andorra ",42.5081499,restaurant
4.5,1.5220869,"

Versailles
","Carrer del Cap, 1, Andorra la Vella, Andorra ",42.5078915,restaurant
4.5,1.5213249,"

Bodega Poblet
","Carrer de l'Alzinaret 6 | AD500, Andorra la Vella, Andorra ",42.5088043,restaurant
4.5,1.5317257,"

Plat'in
","Carrer Bonaventura Riberaygua, 8 | Carrer Bonaventura Riberaygua, 8, Andorra la Vella AD500, Andorra ",42.5074133,restaurant
4.5,1.5207842,"

Restaurant Coma
","Placeta Monjo n 3, Andorra la Vella ad500, Andorra ",42.5069248,restaurant
4.5,1.5224501,"

Restaurant Eximi
","Carrer De La Llacuna, 5, Andorra la Vella AD500, Andorra ",42.5081963,restaurant
4.5,1.5153356,"

Can Manel
","C/ Mestre Xavier Plana, 6, Andorra la Vella, Andorra ",42.5064079,restaurant
4.5,1.5218355,"

Restaurant Ca La Conxita
","c/ La Llacuna, 12 | c/ La Llacuna, 12, Andorra la Vella, Parroquia de Andorra la Vella, Andorra la Vella, Andorra ",42.5063174,restaurant
4.5,1.5253919,"

Restaurant Tatu
","Avinguda de Tarragona, 58, Andorra la Vella AD500, Andorra ",42.5051858,restaurant
4.5,1.5218355,"

K L'IRINA
","carrer PERE D'URG NUMER 5 | Carrer Pere D'urg Numero 16, Andorra la Vella AD500, Andorra ",42.5063174,restaurant
4.5,1.5292014,"

El Raval
","C. Sant Esteve, 5, Andorra la Vella AD 500 , Andorra ",42.5075853,restaurant
5.0,1.5215287,"

Cal Sinquede
","Placa Guillemo 1, Andorra la Vella AD500, Andorra ",42.5082429,restaurant
4.5,1.5151098,"

El Burg
","Baixada Del Moli, N 47 | Andorra la Vella, Andorra la Vella AD500, Andorra ",42.50457,restaurant
4.0,1.5222998,"

And Burger Zero
","Cap del carrer, Andorra la Vella, Andorra ",42.508033,restaurant
4.5,1.5219382,"

La Cava Andorra
","C/ Mossen Cinto Verdaguer, 7, Andorra la Vella 822729, Andorra ",42.5083325,restaurant
4.0,1.5299884,"

Pizzeria Primavera
","C/ Callaueta 8, Andorra la Vella, Andorra ",42.5070386,restaurant
4.0,1.5236786,"

Bufet El Grill
","Avenida Meritxell, 11, Andorra la Vella AD500, Andorra ",42.5078726,restaurant
4.5,1.5207545,"

Minim's
","C/ Antic Carrer Major 5, Andorra la Vella, Andorra ",42.5071948,restaurant
4.0,1.5218355,"

Taberna Angel Belmonte
","C.Ciutat de Consuegra, 3, | Casa Campolier, Andorra la Vella, Andorra ",42.5063174,restaurant
4.5,1.5342964,"

Restaurant Pinosa
","C/ De la Unio 11, Andorra la Vella AD700, Andorra ",42.5077417,restaurant
4.0,1.5218355,"

L'olive
","Sant Salvador, 3, 1r pis, Andorra la Vella, Andorra ",42.5063174,restaurant
4.5,1.5306587,"

Vietnam Gourmet
","Carrer Joan Maragall, 22, Andorra la Vella AD500, Andorra ",42.5066149,restaurant
4.0,1.5325492,"

Restaurant Plaza at Hotel Plaza
","C. Maria Pla, 19-21, Andorra la Vella AD500, Andorra ",42.5069403,restaurant
4.0,1.5219399,"

La Adelita Andorra
","Placa Princep Benlloc 4, Andorra la Vella Ad500, Andorra ",42.5077641,restaurant
4.0,1.5214203,"

l' Arrosseria
","Carrer de la Vall, 1, Andorra la Vella AD500, Andorra ",42.5071575,restaurant
4.5,1.5220869,"

Quarts de Quinze
","Passatge Isabel Sandy 1 | Cap del Carrer, Andorra la Vella AD500, Andorra ",42.5078915,restaurant
4.0,1.5229374,"

The Family Arms
","Placa Rebes, 6 | Placa Rebes, 6, Andorra la Vella, Andorra la Vella AD500, Andorra ",42.5074964,restaurant
4.5,1.53232,"

Restaurant El Cap Bo
","C/ Babot Camp S/N, Andorra la Vella, Andorra ",42.5088681,restaurant
4.5,1.5387862,"

Marquet Gourmeterie
","Placa Co-princeps 3, Escaldes-Engordany (Principat d""Andorra), Escaldes-Engordany AD700, Andorra ",42.5100804,restaurant
5.0,1.5387862,"

Lounge Bar Julia Centre
","Avenida Carlemany, 115 | Dentro Centro Júlia, Escaldes-Engordany AD700, Andorra ",42.5100804,restaurant
4.5,1.5398361,"

L'enoteca
","Carrer del Parnal,4, Escaldes-Engordany AD700, Andorra ",42.5101361,restaurant
5.0,1.5387862,"

Delicies Turques
","Av. Del Fener, 4 16 Baixos, Escaldes-Engordany AD700, Andorra ",42.5100804,restaurant
4.5,1.5355252,"

Pizzeria Xavier
","Carrer Sant Antoni , 3, Escaldes-Engordany AD700, Andorra ",42.5082252,restaurant
4.5,1.5387862,"

El Cachirulo
","C/ De Les Boigues | Ed. El Fener, Local 2, Escaldes-Engordany, Andorra ",42.5100804,restaurant
4.5,1.5411634,"

Dolc i salat
","Avd, De Les Escoles 16, Escaldes-Engordany AD700, Andorra ",42.5104598,restaurant
4.0,1.5387862,"

La Casa Del Formatge
","C/ Coprincep F. Mitterand | 2 Bot. Molines, Local 4, Escaldes-Engordany, Andorra ",42.5100804,restaurant
4.0,1.5342964,"

Pizzeria Angelo
","C. De La Unio, 11, Escaldes-Engordany AD700, Andorra ",42.5077417,restaurant
4.0,1.5378836,"

And Burger Zero
","Francois Mitterrand, 6, Escaldes-Engordany, Andorra ",42.5100748,restaurant
4.0,1.5379712,"

INUU
","Av. Parc de la Mola, 10, Escaldes-Engordany, Andorra ",42.5111929,restaurant
4.0,1.542347,"

Sevilla
","Cm D'Ensucaranes, 1 1, Escaldes-Engordany, Andorra ",42.5093239,restaurant
4.0,1.5387862,"

Bar Restaurant Prat del Roure
","Complex Esportiu i Social del Prat del Roure | C. Esteve Albert s/n, Escaldes-Engordany AD700, Andorra ",42.5100804,restaurant
4.0,1.5387862,"

Andburguer Zero
","Francois Miterrand, L3 Botigues Molines, Escaldes-Engordany AD700, Andorra ",42.5100804,restaurant
4.0,1.5387862,"

Cheese's Art Restaurant
","C/ Francois Miterrand Local 4, Escaldes-Engordany AD700, Andorra ",42.5100804,restaurant
4.0,1.5411634,"

Restaurante Mussol
","Carrer de Les Escoles, 16, Escaldes-Engordany AD700, Andorra ",42.5104598,restaurant
4.5,1.535718,"

Hotel Mola Park Restaurant
","Av. Josep Viladomat, 22, Escaldes-Engordany AD700, Andorra ",42.5127024,restaurant
4.0,1.5342861,"

Bar Tertulia
","C/ De La Unio, 13, Escaldes-Engordany, Andorra ",42.5076907,restaurant
3.5,1.5384237,"

Jaleo
","Parc de la Mola, 9, Escaldes-Engordany, Andorra ",42.5110931,restaurant
4.0,1.5355398,"

El Greco
","C. Sant Antoni, 5, Escaldes-Engordany AD700, Andorra ",42.508118,restaurant
4.0,1.5387862,"

Deimos
","Datos GPS de Caldea: 420 30_ 40.32__ N _ 10 32_ 17.16__ E, Escaldes-Engordany, Andorra ",42.5100804,restaurant
3.5,1.5369708,"

1978 Cafe
","Carlemany 52, Escaldes-Engordany AD700, Andorra ",42.5087714,restaurant
4.5,1.5420049,"

Hotel Espel Restaurant
","Placa Creu Blanca, 1, Escaldes-Engordany AD700, Andorra ",42.5104265,restaurant
4.5,1.5348923,"

Cal Pepo
","Avinguda Fiter I Rossell, 33, Escaldes-Engordany AD700, Andorra ",42.5128139,restaurant
3.5,1.5387862,"

Pizza Roma
","Av. Carlemany 68 - Illa Carlemany, Escaldes-Engordany, Andorra ",42.5100804,restaurant
4.0,1.5379712,"

Restaurant Io
","Parc de la Mola, 10, Escaldes-Engordany AD700, Andorra ",42.5111929,restaurant
4.0,1.5408519,"

Atlantida Restaurant
","Av. De Les Escoles, 25, Escaldes-Engordany AD700, Andorra ",42.5102509,restaurant
4.5,1.5352193,"

Restaurant El Serch
","Av. Fiter I Rossell, 25, Escaldes-Engordany AD700, Andorra ",42.5122076,restaurant
4.0,1.5394499,"

Restaurant L'Entrecote
","Placa Coprinceps, 5, Escaldes-Engordany AD700, Andorra ",42.5092338,restaurant
4.5,1.5415499,"

Bar Orelles
","C/ De L'Obac, 7 1, Escaldes-Engordany, Andorra ",42.5082118,restaurant
4.5,1.7327554,"

oh burger lounge
","Carrer Catalunya 13, Pas de la Casa, Andorra ",42.541595,restaurant
5.0,1.7332474,"

Little Rock Cafe
","Avda D'Encamp, 41, Pas de la Casa, Andorra ",42.5388312,restaurant
5.0,1.7346625,"

Restaurant La Familia
","Carrer Major, N21, Pas de la Casa AD200, Andorra ",42.5426652,restaurant
4.5,1.731406,"

Olimpiades Andorra
","La Solana 33, Pas de la Casa AD200, Andorra ",42.5404429,restaurant
4.5,1.7320361,"

Underground Sports Bar and Grill
","C. Bearn, 16-18, Pas de la Casa AD200, Andorra ",42.5416826,restaurant
4.5,1.7334762,"

Restaurant El Provencal
","Av. D'Encamp, 39, Pas de la Casa AD200, Andorra ",42.5394418,restaurant
4.5,1.7328285,"

Bo & Gola
","C/ Bearn n06, Pas de la Casa AD200, Andorra ",42.541732,restaurant
4.5,1.7334762,"

Els Flocs
","Avinguda D'Encamp, 39, Pas de la Casa, Andorra ",42.5394418,restaurant
4.5,1.7339593,"

Chez paulo
","Carrer Abelletes, 6, Pas de la Casa, Andorra ",42.5427339,restaurant
4.5,1.7317755,"

Pas 83
","Placa de Vaquers, Pas de la Casa, Andorra ",42.5409002,restaurant
4.5,1.7323085,"

Paddy's Irish Bar
","Carrer Del Maia, 7, Pas de la Casa, Andorra ",42.5415289,restaurant
4.5,1.7318285,"

El Fogo Negre
","C/Bearn 26, Pas de la Casa ad200, Andorra ",42.5419882,restaurant
4.5,1.7334762,"

Rapid Pasta
","Avda D'Encamp, 39, Pas de la Casa, Andorra ",42.5394418,restaurant
4.0,1.7321255,"

KSB
","Carrer Dels Vaquers, 13, Pas de la Casa, Andorra ",42.5413809,restaurant
4.5,1.732591,"

restaurant mirtil
","12 Carrer Catalunya AD200 Pas de la Casa | Principauté d'andorre, Pas de la Casa AD200, Andorra ",42.5421978,restaurant
4.0,1.732591,"

El Marselles
","Carrer Bearn | Carrer Bearn, Pas de la Casa AD200, Andorra ",42.5421978,restaurant
4.0,1.732591,"

Refugi Llac dels Pessons
","Grau Roig Ski Slopes, Pas de la Casa, Andorra ",42.5421978,restaurant
4.0,1.7340556,"

Blau-Envalira
","29 Avenida D Encamp | Emcamp, Pas de la Casa AD 200, Andorra ",42.5403654,restaurant
4.0,1.73174,"

La Copa
","C/ Bearn, 17, Pas de la Casa, Andorra ",42.5417668,restaurant
5.0,1.7317916,"

graffiticafe
","Placa Sant Josep, 8, Pas de la Casa, Andorra ",42.5415003,restaurant
4.5,1.732591,"

Coll Blank KSB Restaurant
","Sector Pas de la Casa / Grau Roig, Pas de la Casa, Andorra ",42.5421978,restaurant
4.5,1.732591,"

el xalet suisse
","placa del vaquers | ediff lake placid, Pas de la Casa ad200, Andorra ",42.5421978,restaurant
4.0,,"

Hotel Catalunya Restaurant
","Carrer De Catalunya, 4, Pas de la Casa AD500, Andorra ",,restaurant
4.5,1.7345296,"

Chez Andre
","2 rue Pere d'Urgue, Pas de la Casa, Andorra ",42.5427188,restaurant
4.5,1.733618,"

Hotel Sporting Restaurant
","Carrer De Catalunya, 1, Pas de la Casa, Andorra ",42.5417023,restaurant
4.0,1.7321118,"

La Raclette Chez Gegene
","Carrer Maia, 16, Pas de la Casa, Andorra ",42.5420635,restaurant
4.5,1.732591,"

Pastisseria La Camarguesa
","Avda D'Encamp, 29. Edifici El Grizzli, Pas de la Casa, Andorra ",42.5421978,restaurant
3.5,,"

El Gargantua
","Avda D'Encamp, 39 Edifici Frontera Blanca, Pas de la Casa 09000, Andorra ",,restaurant
3.5,1.7337379,"

Pizzeria Roma
","Avda D'Encamp, 23, Pas de la Casa, Andorra ",42.5408827,restaurant
3.5,1.5800449,"

Hotel Restaurant de Les Neus
","carrer Compte de Foix, 2, Pas de la Casa AD200, Andorra ",42.5346038,restaurant
4.5,1.5831653,"

Restaurant Borda del Tremat
","Carrer Sant Miquel 23, Encamp AD200, Andorra ",42.5344778,restaurant
4.5,1.5792031,"

Borda Vella
","Avinguda del Princep Benlloch, 22, Encamp 200, Andorra ",42.5348222,restaurant
4.5,1.5801148,"

El Cresper
","C/ Pas De La Casa, 4, Encamp AD200, Andorra ",42.5346692,restaurant
4.5,1.5792031,"

K-sual
","Princep Benlloch, 22 | Encamp, Encamp AD200, Andorra ",42.5348222,restaurant
4.0,1.5872202,"

La Cirera
","Avda. Francois Mitterand, 81, Encamp AD200, Andorra ",42.5349708,restaurant
4.5,1.5830224,"

Can Fontcuberta
","Placa Del Comu, S/N, Encamp, Andorra ",42.5362652,restaurant
4.5,1.5877462,"

Bar Restaurant Funicamp
","Avinguda Francois Miterrand 120, Encamp, Andorra ",42.5349446,restaurant
4.5,1.583345,"

Guillem
","Els Arinsols, 10, Encamp AD200, Andorra ",42.5356628,restaurant
4.5,1.7002186,"

Hotel Grau Roig Restaurant
","Estacio D'Esqui Grau Roig, Encamp, Andorra ",42.5324162,restaurant
4.0,1.5683957,"

Restaurant Llac i Cel
","Llac D'Engolasters, Encamp, Andorra ",42.5197316,restaurant
4.5,1.5828523,"

Can Fontbernat
","C. Del Tremat, 12, Encamp AD200, Andorra ",42.5343841,restaurant
4.5,1.5803812,"

Shusski
","Avinguda De Joan Marti, 31, Encamp, Andorra ",42.5338715,restaurant
4.0,1.5830224,"

La Sangria
","carretera de Encamp a Canillo | al lado de la carretera a Meritxell, Encamp, Andorra ",42.5362652,restaurant
4.0,1.5822026,"

Borda Major 5
","Carrer Major Num. 5, Encamp AD200, Andorra ",42.5356566,restaurant
4.0,1.5794121,"

Granja-Cafeteria Xocolati
","Avda Princep Benlloch, 12, Encamp, Andorra ",42.5348111,restaurant
3.5,1.5830224,"

La Mosquera
","Travessera del jardi 3 | Placa Del Comu, Encamp AD200, Andorra ",42.5362652,restaurant
4.0,1.5879371,"

Solanelles Restaurants
","AD200 Encamp Funicamp, Encamp, Andorra ",42.5352888,restaurant
4.0,1.5819105,"

L'oregon
","Carrer major, 8, Encamp AD200, Andorra ",42.5353876,restaurant
4.0,1.5822833,"

Pastisseria Casal
","Placa Del Consell, 3, Encamp, Andorra ",42.5358901,restaurant
4.5,1.5830224,"

Tirant Lo Blanc
","Avinguda De Francois Mitterrand, 8 Casa Nova Manresa, Encamp, Andorra ",42.5362652,restaurant
5.0,1.5830224,"

Hotel Univers Restaurant
","C. Rene Baluard, 13 | Hotel Univers, Encamp AD200, Andorra ",42.5362652,restaurant
5.0,1.5830224,"

Hotel Coray Restaurant
","C/ Caballers 38 | Hotel Coray, Encamp AD200, Andorra ",42.5362652,restaurant
5.0,1.5759319,"

Flor de Neu
","Av. Joan Marti, 84, Encamp AD200, Andorra ",42.5327951,restaurant
4.5,1.5830224,"

Bistrot Restaurant
","Av Juan Marti 101, Encamp AD200, Andorra ",42.5362652,restaurant
4.0,1.6105098,"

Hotel Mila Restaurant
","C. Dels Cortals, Encamp, Andorra ",42.5335309,restaurant
4.0,1.5830224,"

El Raco Del Garri
","Av. Joan Marti 35B | Local 5, Encamp AD200, Andorra ",42.5362652,restaurant
5.0,1.5830224,"

Restaurant L'Ovella
","Carretera Dels Cortals, Edifici Solana, Encamp, Andorra ",42.5362652,restaurant
4.0,1.5827315,"

Caliu D'En Josep
","Av. Francois Miterrand, 4, Encamp AD200, Andorra ",42.5363608,restaurant
4.0,1.5738623,"

Hotel Montecarlo Restaurant
","Joan Marti, 104, Encamp AD200, Andorra ",42.5321804,restaurant
4.0,1.5790062,"

Benito
","Av. Joan Marti, 51, Encamp AD200, Andorra ",42.5330993,restaurant
4.5,1.4921277,"

Pizzeria Venezia
","Carrer de la callissa2 PB local1, Sant Julia de Loria AD600, Andorra ",42.4657861,restaurant
4.5,1.4921277,"

Snack Bar Valireta
","Av. Francesc Cairat, 6 Baixos, Sant Julia de Loria, Andorra ",42.4657861,restaurant
4.5,1.490968,"

Cafe Principal
","Placa Major, 5, Sant Julia de Loria, Andorra ",42.462965,restaurant
4.5,1.4911783,"

Restaurant Pizzeria Venecia
","Av. Verge de Canolich, 20, Sant Julia de Loria AD600, Andorra ",42.4626154,restaurant
4.0,1.4926267,"

Pizzeria Angelo
","Avinguda Rocafort, 27, Sant Julia de Loria AD600, Andorra ",42.469534,restaurant
4.0,1.4921277,"

River Cafe
","River Centre Comercial | Ctra. d'Espanya, Km 4, Sant Julia de Loria AD600, Andorra ",42.4657861,restaurant
4.0,1.4929542,"

Bar Restaurant Xenius
","Av. Rocafort, 32, Sant Julia de Loria, Andorra ",42.4695,restaurant
4.5,1.491235,"

Art I Pa Iii
","Av. Verge de Canolich, 41, Sant Julia de Loria AD600, Andorra ",42.4654092,restaurant
4.5,1.492216,"

Bar Cadi
","Av. Verge De Canolich, 64, Sant Julia de Loria, Andorra ",42.4662719,restaurant
3.5,1.4921277,"

Frankfurt-Cerveseria Loria
","Av. Verge De Canolich, Edifici Major 2, Sant Julia de Loria, Andorra ",42.4657861,restaurant
3.5,1.4913371,"

Bar Restaurant Coto
","Av. Verge De Canolich, 50, Sant Julia de Loria AD600, Andorra ",42.4653186,restaurant
4.0,1.4918396,"

Bar-Restaurant Muntanya
","C. Doctor Palau, 42, Sant Julia de Loria, Andorra ",42.4650526,restaurant
3.0,1.4921277,"

Mac - Bar Punt De Trobada
","Ctra. General De La Seu D'Urgell A Andorra Km 3, Sant Julia de Loria, Andorra ",42.4657861,restaurant
3.5,1.4891021,"

Hotel Barcelona Restaurant
","Carretera Os De Civis. Aixovall, Sant Julia de Loria, Andorra ",42.4766266,restaurant
3.5,1.4921277,"

Bar Restaurant La Margineda
","Ctra. General S/N, Sant Julia de Loria, Andorra ",42.4657861,restaurant
3.5,1.4921277,"

Sant Eloi Hotel Restaurant
","Ctra. D'Espanya, S/N, Sant Julia de Loria, Andorra ",42.4657861,restaurant
4.0,1.4917616,"

Snack Bar Ca L'Angel
","C. Dr. Palau, 40 L1, Sant Julia de Loria AD600, Andorra ",42.4649304,restaurant
5.0,1.493949,"

Restaurant La Vaca Grill
","1600, Ctra. De la Rabassa, Sant Julia de Loria, Andorra ",42.4647594,restaurant
5.0,1.4933159,"

Bar Frankfurt L'Isard
","Av. Verge De Canolich, 98, Sant Julia de Loria, Andorra ",42.469992,restaurant
4.0,1.4924313,"

Bar Restaurant Verin
","Ctra. De La Rabassa, 2, Sant Julia de Loria, Andorra ",42.4664211,restaurant
5.0,1.4892693,"

Bar Canolich
","Ctra. De Fontaneda, 2, Sant Julia de Loria, Andorra ",42.4612642,restaurant
3.5,1.4921277,"

McDonald's
","Ctra. General S/N, Sant Julia de Loria, Andorra ",42.4657861,restaurant
3.0,1.4921277,"

Pizzeria Trovi
","Ctra. General D'Espanya, Km. 3, Sant Julia de Loria AD600, Andorra ",42.4657861,restaurant
4.0,1.492888,"

Bar Restaurant El Raco De L'Agust
","C. De La Rabassa, 8, Sant Julia de Loria, Andorra ",42.4661139,restaurant
3.5,1.4933189,"

Granja Pastisseria La Maduixa
","Av. Verge De Canolich, 92, Sant Julia de Loria, Andorra ",42.4696105,restaurant
4.0,1.4906712,"

Bar Restaurant 100 X Hora
","Av. Verge De Canolich, 10, Sant Julia de Loria, Andorra ",42.4618392,restaurant
3.0,1.4935456,"

Bar Restaurant Sancho Panza
","C. Carvajal De Hue, 4, Sant Julia de Loria, Andorra ",42.4680119,restaurant
3.0,1.4931852,"

Bar Restaurant Abian
","Av. Verge De Canolich, 91, Sant Julia de Loria, Andorra ",42.4691638,restaurant
3.0,1.493154,"

Bar Lusitania
","Av. Verge De Canolich, 97, Sant Julia de Loria, Andorra ",42.4694936,restaurant
3.0,1.491235,"

Pans & Company
","Av. Verge De Canolich, 41, Sant Julia de Loria, Andorra ",42.4654092,restaurant
4.5,1.5147392,"

La Borda Xica
","Carrer Major. Cap Del Carrer, La Massana, Andorra ",42.545625,restaurant
4.5,1.5191616,"

Pizza vitto
","Av. Sant antoni 79, La Massana, Andorra ",42.5411991,restaurant
4.5,1.5172413,"

La Capricciosa
","Av. S. Antoni 38, La Massana AD400, Andorra ",42.5424456,restaurant
4.0,1.5152702,"

Pizzeria Angelo
","Avinguda Sant Antoni, 27, La Massana AD400, Andorra ",42.5452937,restaurant
5.0,1.5141351,"

Fred Oh!
","C. Major, La Massana AD400, Andorra ",42.5453731,restaurant
4.5,1.517353,"

El Raco Dels Amics
","Avda. St. Antoni 42, La Massana Ad400, Andorra ",42.5421807,restaurant
4.0,1.4803803,"

Borda Raubert
","Cra d'Arinsal, La Massana AD400, Andorra ",42.5774676,restaurant
4.5,1.5147392,"

Mon Bohemi
","ad400 | Piscina Prat Del Moli, Complex Tabola, La Massana, Andorra ",42.545625,restaurant
4.5,1.5147392,"

Don Piacere
","Av. Del Ravell, 2 | Sabors Familiars, La Massana AD400, Andorra ",42.545625,restaurant
4.0,1.5170584,"

Cal Silvino
","Av. El Traves 21, La Massana AD400, Andorra ",42.5460019,restaurant
4.5,1.5149049,"

Kebab Istanbul
","Avinguda Sant Antoni 20, La Massana AD400, Andorra ",42.5454723,restaurant
4.5,1.5148376,"

Restaurant La Cuina d'en Joan
","Plaza de Les Fontetes, S/N, La Massana AD400, Andorra ",42.5460697,restaurant
4.0,1.5192453,"

Vesuvio
","Av. Sant Antoni, La Massana, Andorra ",42.5393893,restaurant
4.5,1.5142386,"

T de T
","Av. Sant Antoni, 14, La Massana AD400, Andorra ",42.5458451,restaurant
4.5,1.5132503,"

Hotel Rutllan Restaurant
","Av. Del Ravell, 3, La Massana AD400, Andorra ",42.5473946,restaurant
5.0,1.5124359,"

Granja la Plana
","Ctra. Dels Plans, 9, La Massana AD400, Andorra ",42.5389196,restaurant
3.5,1.5125636,"

Restaurant del Prat Gran
","Avenue del Ravell, La Massana, Andorra ",42.5489603,restaurant
4.5,1.4968131,"

Borda Xixerella
","Carretera de Pal - Erts, La Massana, Andorra ",42.5615915,restaurant
4.0,1.5147392,"

Irish Pub Magic Massana
","Av. Del Traves, 7 | Magic La Massana Hotel, La Massana AD400, Andorra ",42.545625,restaurant
4.0,1.5192453,"

Hostal Palanques
","Hostal Palanques, Av. Sant Antoni, La Massana AD400, Andorra ",42.5393893,restaurant
4.0,1.5169978,"

Pollastre Volador
","Av. Sant Antoni, 51, La Massana AD400, Andorra ",42.5433994,restaurant
3.5,1.4751955,"

Pla de la Cot Restaurant
","Pla de la Cot. Vallnord Pal, La Massana AD400, Andorra ",42.544869,restaurant
4.0,1.5147392,"

Pla de L'Estany
","C. Major, 2, Casa Quico, La Massana AD400, Andorra ",42.545625,restaurant
4.0,1.5192453,"

Restaurant Casino
","AV . Sant Antoni, La Massana, Andorra ",42.5393893,restaurant
3.0,1.5147392,"

Borda Xica
","C.Major, Sn, La Massana AD400, Andorra ",42.545625,restaurant
4.0,1.4707758,"

Restaurant El Rusc
","Ctra. General, 4, La Massana, Andorra ",42.5846319,restaurant
1.5,1.5171433,"

Hotel Marco Polo Restaurant
","Av. Sant Antoni, 36, La Massana AD400, Andorra ",42.5426101,restaurant
2.0,1.5147392,"

El Raco de la Fina
","Av. Del Traves, 3 Baixos, Casa Palanca, La Massana AD400, Andorra ",42.545625,restaurant
4.5,1.5903635,"

Borda L'Era del Rossell
"," | Meritxell, Canillo AD100, Andorra ",42.5557411,restaurant
4.5,1.5994581,"

Ca L'argenti R-40
","Ctra de Parts S/N Ap. Sant Bernat, Canillo AD100, Andorra ",42.5666535,restaurant
4.5,1.5903635,"

Restaurant L'Ermita
","Mertixell, s/n Canillo | Hotel L'Ermita, Meritxell, Canillo Ad100, Andorra ",42.5557411,restaurant
4.5,1.6010805,"

Pastisseria Salo De Te Les Delicies Del Jimmy
","Av. Sant Joan De Caselles, Canillo, Andorra ",42.5672814,restaurant
4.0,1.5994581,"

Moli Del Peano
","Carretera Generale, Canillo, | AD100, Canillo, Andorra ",42.5666535,restaurant
4.0,1.5994581,"

la cantina dels racons
","carretera general s/n, Canillo AD100 Canillo, Andorra ",42.5666535,restaurant
4.5,1.6507314,"

Arrosseria Pi de Migdia
","El Tarter | El Tarter, Canillo AD100, Andorra ",42.5798288,restaurant
4.5,1.6511742,"

Hotel Del Tarter
","Ctra. N-II El Tarter | AD100, Canillo, Andorra ",42.5801488,restaurant
4.5,1.5994581,"

Terrassa Del Sola
","Ctra. General 2, S/N, Canillo AD100, Andorra ",42.5666535,restaurant
4.5,,"

La Taula Dels Amics
","Carretera General Casa Nova Ros, Canillo AD1000, Andorra ",,restaurant
4.0,1.7322761,"

Bar Restaurant Els Pessons
","Ctra. General De Canillo, Canillo AD 100, Andorra ",42.543866,restaurant
4.0,1.5994581,"

Burger Roc
","Av. Sant Joan De Caselles S/N Casa Roc, Canillo, Andorra ",42.5666535,restaurant
4.0,1.6010805,"

Hotel Font D'Argent Canillo Restaurant
","Av. Sant Joan De Caselles S/N, Canillo, Andorra ",42.5672814,restaurant
3.5,1.6010805,"

The Creperia
","Avinguda Sant Joan de Casalles, Canillo, Andorra ",42.5672814,restaurant
4.0,1.5994581,"

L’ Arlequi
","Carretera General, Canillo AD100 , Andorra ",42.5666535,restaurant
3.5,1.5994581,"

Restaurante El Sola
","Carretera General s/n, Canillo Ad100, Andorra ",42.5666535,restaurant
4.5,1.5999814,"

Cal Bonavida
","Peu Del Carrer, 1, Canillo AD100, Andorra ",42.5663992,restaurant
4.0,1.5994581,"

La Fabrica de Gel
","Palau de Gel, Canillo AD100, Andorra ",42.5666535,restaurant
5.0,1.5994581,"

Bar Pas Del Cabirol
","Ctra. General 2, Canillo AD100, Andorra ",42.5666535,restaurant
5.0,1.5994581,"

Creperie Bretonne Iguana
","Carretera General, Canillo AD100, Andorra ",42.5666535,restaurant
3.5,1.599426,"

La Roda
","Carrer del Perdut, 5, Canillo, Andorra ",42.5668504,restaurant
3.5,1.5994581,"

The Villager Tapas & Wine
","Carretera General Soldeu S/N | Carretera General Soldeu S/N, Canillo AD100, Andorra ",42.5666535,restaurant
3.0,1.5994581,"

Taverna De L'Iguana
","Casa Leonor, Local 2, Canillo, Andorra ",42.5666535,restaurant
4.0,1.5994581,"

Roc De Les Bruixes - El Forn
","Estacio D'Esqui De Grandvalira, Sector El Canillo, Canillo AD100, Andorra ",42.5666535,restaurant
3.5,1.7336282,"

Granja Pastisseria Cal Frances
","Carretera General, Canillo, Andorra ",42.5451852,restaurant
3.0,1.5994581,"

Bar Restaurant La Relliscada
","Carretera General A Franca, Canillo, Andorra ",42.5666535,restaurant
4.0,1.7336282,"

Bar Restaurant Frankfurt El Cobert
","Carretera General, Canillo, Andorra ",42.5451852,restaurant
3.0,1.7336282,"

Aparthotel Els Meners Restaurant
","Ctra. General S/N, Canillo, Andorra ",42.5451852,restaurant
3.0,1.6010805,"

Restaurant Moli Del Peano
","Ctra. General 2, Av. Sant Joan de Caselles, Canillo AD100, Andorra ",42.5672814,restaurant
1.0,1.5903635,"

Bar Comet
","Casa Comet, Meritxell, Canillo, Andorra ",42.5557411,restaurant
4.5,1.6660487,"

Restaurant Taverna de la iaia
","Carrer Antic | Edifici Regi, Soldeu Ad100, Andorra ",42.577791,restaurant
4.5,1.6657276,"

The Merlot Restaurant - Soldeu
","Marrades del Piol, Soldeu AD100, Andorra ",42.5782581,restaurant
4.5,1.6660487,"

La Caleta
","Crta. General de Soldeu | Casa Nova Peretol, L.A, Soldeu, Andorra ",42.577791,restaurant
4.5,1.6660487,"

Fat Albert's
","Calle Vel, placa del poble, Soldeu AD100, Andorra ",42.577791,restaurant
4.5,1.6660487,"

Restaurant La Llar de L'artesa - Borda Popaire
","Bordes d'Envalira km 22 | Els Llacs Apartments Turisticos, Soldeu, Andorra ",42.577791,restaurant
4.5,1.6660487,"

Glassbar
","Crta General S/N | Sport Hotel Hermitage & Spa, Soldeu AD100, Andorra ",42.577791,restaurant
4.0,1.6660487,"

Pizzeria L'Avet
","Ctra General, Soldeu, Andorra ",42.577791,restaurant
4.0,1.6660487,"

Hotel Naudi Restaurant
","Carretera General, Soldeu, Andorra ",42.577791,restaurant
4.0,1.6660487,"

Hotel Bruxelles Restaurant
","Ctra General, Soldeu, Andorra ",42.577791,restaurant
4.0,1.6660487,"

Aspen Bar
","Edifici Aspen Ctra. General, Soldeu, Andorra ",42.577791,restaurant
4.0,1.6558972,"

Cort de Popaire
","Placa de Soldeu, Soldeu AD100, Andorra ",42.5748156,restaurant
4.0,1.6660487,"

Origen
","Crta General S/N - Soldeu, Soldeu AD100, Andorra ",42.577791,restaurant
4.0,1.6660487,"

Restaurante Steak House Gall de Bosc
","Pistas de Ski Soldeu, Soldeu, Andorra ",42.577791,restaurant
4.5,1.6660487,"

Delbosc Coffee Shop
","Placa del piol s/n0 | Casa Molne Pb, Soldeu, Andorra ",42.577791,restaurant
4.0,1.6660487,"

La Palmera De Soldeu
","Ctra General Edifici Els Arcs, 5 | super JUAN, Soldeu ad100, Andorra ",42.577791,restaurant
4.0,1.6660487,"

Sol i Neu Club Hermitage.
","Ctra General S/N, Soldeu AD100, Andorra ",42.577791,restaurant
5.0,1.6660487,"

Koy Hermitage
","Crta General Soldeu Principado de Andorra, Soldeu AD100, Andorra ",42.577791,restaurant
3.5,1.6660487,"

Arrels
","Crta General s/n Soldeu - Canillo | Sport Hotel Hermitage & Spa, Soldeu, Andorra ",42.577791,restaurant
4.0,1.6660487,"

Hotel Soldeu Maistre Restaurant
","C. De La Font, S/N | Hotel Soldeu Maistre, Soldeu AD100, Andorra ",42.577791,restaurant
3.5,1.6660487,"

Pub Villager Sport Hotel Village
","Ctra General S/N, Soldeu, Andorra ",42.577791,restaurant
2.5,1.6660487,"

Restaurante Fontanella
","Ctra General s/n | Hotel Piolets & Spa, Soldeu, Andorra ",42.577791,restaurant
5.0,1.4818459,"

Ruta 40
","Carrer de la Callissa S/Numero, Arinsal AD400, Andorra ",42.5748011,restaurant
4.5,1.4818459,"

El Moli
","Carretera General | AD400 Arinsal La Massana, Arinsal, Andorra ",42.5748011,restaurant
4.5,1.4818459,"

Quo Vadis Arinsal
","Arinsal (Main Street), Arinsal AD400, Andorra ",42.5748011,restaurant
4.5,1.4818459,"

La Llum D'oli
","CRTA. GENERAL 5, 43, PB LOCAL 2 | ED. PRAT DE LA MOLA D'ARENY, Arinsal, Andorra ",42.5748011,restaurant
4.5,1.4818459,"

Snack Bar The Bull
","Borda del Pradet, Arinsal AD400, Andorra ",42.5748011,restaurant
4.5,1.4818459,"

Pampa Arinsal
","Ctra. General D'Arinsal L1 | Ed. Amadeu, Arinsal AD400, Andorra ",42.5748011,restaurant
4.0,1.4815428,"

Restaurante Cisco's
","Carretera d_Arinsal, s/n (CG-5), Arinsal, Andorra ",42.5749461,restaurant
4.5,,"

Restaurant 3600
","Carretera General S/N | 50 metres passant el telecabina,a ma esquerra, Arinsal AD 400, Andorra ",,restaurant
4.0,1.4818459,"

SURF ARINSAL
","Carretera General d'Arinsal | Carretera General d'Arinsal, Arinsal ad400, Andorra ",42.5748011,restaurant
4.5,,"

Cerro Otto
","Carretera General D'Arinsal | Bordes D'Arinsal, Local 5, Arinsal AD 400, Andorra ",,restaurant
4.5,1.4818459,"

Deja Vu
","Crta. Gral de Arinsal, 15, Arinsal AD400, Andorra ",42.5748011,restaurant
4.0,1.4818459,"

Polar Base Bar Restaurant
","Carretera d'Arinsal, 16 Ed. Joan Torne, Arinsal AD400, Andorra ",42.5748011,restaurant
5.0,1.4818459,"

Hotel Xalet Verdu Restaurant
","Prat Del Verdu S/N, Arinsal AD400, Andorra ",42.5748011,restaurant
4.0,1.4818459,"

Polar Bar Restaurant
","Edifici Comallemple - Pistes Arinsal, Arinsal AD400, Andorra ",42.5748011,restaurant
4.0,1.4818459,"

Restaurant El Bosc
","Ctra. General D'Arinsal, Ed. Areny, Baixos, L1, Arinsal AD400, Andorra ",42.5748011,restaurant
5.0,1.4818459,"

Diana Parc
","Ctra. General Arinsal, S/N, Arinsal AD400, Andorra ",42.5748011,restaurant
4.0,1.4818459,"

Restaurant El Xalet
","Hotel Montane, Ctra General, Arinsal, Andorra ",42.5748011,restaurant
5.0,1.4818459,"

Igloo Bar
","Snow Park D'Arinsal, Cota 2400M Pistes Arinsal, Arinsal AD400, Andorra ",42.5748011,restaurant
5.0,1.4707758,"

Apartaments Turistics Sant Roma
","Ctra. General, 53, Arinsal AD400, Andorra ",42.5846319,restaurant
4.0,1.4818459,"

Emo
","Hotel Palome, Arinsal, Andorra ",42.5748011,restaurant
3.5,1.4818459,"

Hotel Solana Restaurant
","Ctra. Gral Arinsal, 29, Arinsal, Andorra ",42.5748011,restaurant
4.5,1.4818459,"

Sagardotegi-Pub Herri
","Carretera d'Arinsal | Edifici Amadeus B - Local 3, Arinsal AD400, Andorra ",42.5748011,restaurant
3.5,1.4818459,"

Taverna Comapedrosa
","Placa de l'Esglesia | Hotel Comapedrosa, Arinsal AD400, Andorra ",42.5748011,restaurant
3.5,1.4818459,"

Hotel Crest Restaurant
","Ctra. General D'Arinsal A Peu De Pistes, Arinsal, Andorra ",42.5748011,restaurant
5.0,1.5335306,"

Arrosseria Marisqueria 2
","C. Mossen Cinto Verdaguer 1, Ordino AD300, Andorra ",42.5556484,restaurant
4.5,1.5330732,"

Nou Vertical
","Casa Jep De Tor, Ordino, Andorra ",42.5556547,restaurant
4.5,1.5330732,"

Restaurant Pizzeria Coll D'Ordino
","Ctra. Coll D'Ordino. Edifici Prat Gran, Ordino, Andorra ",42.5556547,restaurant
4.5,1.5330732,"

Bar Restaurant La Clota
","Urbanitzacio La Clota Verda, Ordino, Andorra ",42.5556547,restaurant
4.0,1.4960939,"

L'era d'en Jaume
","Carrer del Quart, Ordino, Andorra ",42.5616209,restaurant
4.5,1.5330732,"

Nou Vertical
","Carrer Major 22 | Casa Jep de Tor, Local 1, Ordino AD300, Andorra ",42.5556547,restaurant
4.0,1.5330732,"

Bar Restaurant Gaspa
","Crta General | Cruilla de I'Aldosa, Ordino AD300, Andorra ",42.5556547,restaurant
4.5,1.5142673,"

El Raconet del Nou Vertical
","Carrer Major, 19, Ordino AD400, Andorra ",42.5322988,restaurant
4.0,1.5330732,"

El xalet del bringue
","Ordino, Ordino, Andorra ",42.5556547,restaurant
4.0,1.5330732,"

Hotel Coma Restaurant
","Camp De La Tarrada S/N, Ordino, Andorra ",42.5556547,restaurant
3.5,1.5336491,"

Topic
","Cobert De Picamal Carrer Major, Ordino AD300, Andorra ",42.5566764,restaurant
3.5,1.5333466,"

Casa Leon Armengol
","Placa Major, Ordino, Andorra ",42.55682,restaurant
3.5,1.4707758,"

Hotel Ordino Restaurant
","Carretera General, Ordino, Andorra ",42.5846319,restaurant
3.5,1.549253,"

Hotel La Cabana Restaurant
","Carretera Del Coll D'Ordino, Ordino, Andorra ",42.5538288,restaurant
4.0,1.5330732,"

Bar Babi
","C/ Major, Casa Babot, Ordino AD300, Andorra ",42.5556547,restaurant
3.5,1.5331943,"

Snack-Bar Quim
","C/ Major 10, Ordino, Andorra ",42.5567034,restaurant
4.5,1.5330732,"

Hotel Babot Restaurant
","Carretera Coll D'Ordino Cap Del Puy, Ordino, Andorra ",42.5556547,restaurant
4.0,1.4978432,"

Restaurant Parador
","Av D'Enclar 100, Santa Coloma, Andorra ",42.4935354,restaurant
3.5,1.5048831,"

Don Pernil
","Av. Enclar, 4, Santa Coloma AD500, Andorra ",42.4985821,restaurant
3.5,1.5050492,"

Restaurant Viena
","Avenida de Salou, 82-84, Santa Coloma, Andorra ",42.4952375,restaurant
4.0,1.4961953,"

Restaurant Borda Poblado
","c/ Poblado, 4, Santa Coloma, Andorra ",42.4910006,restaurant
3.0,1.5020006,"

Cal Pinxo
","Av. Enclar, 35, Santa Coloma AD500, Andorra ",42.4969386,restaurant
4.5,,"

Bonet
","Ctra. General, Pal | AD 400, Pal, Andorra ",,restaurant
4.5,1.4756821,"

Restaurant Lydia
","La Fontanella, Pal AD400, Andorra ",42.5455293,restaurant
4.5,1.4751955,"

Restaurant Borda Eulari
","Placa Del Poble | Anyós, Pal AD400, Andorra ",42.544869,restaurant
4.5,1.4751955,"

Paincocotte
","Edifici Comallemple | Pistes D'esqui D' Arinsal, Pal AD400, Andorra ",42.544869,restaurant
5.0,1.4751955,"

Crepes and Go
","Estacio D'Esqui Pal, Pal AD400, Andorra ",42.544869,restaurant
4.5,,"

L'Abarset
","Parking Del Tarter, El Tarter, Andorra ",,restaurant
4.0,1.6511742,"

Restaurant Manacor
","Carretera General N02 | De Canillo a Ransol, El Tarter AD100, Andorra ",42.5801488,restaurant
3.5,,"

Dylan's
","Edifici Tremol, El Tarter 100, Andorra ",,restaurant
3.5,,"

Restaurant Del Clos
","Ctra. General S/N, El Tarter, Andorra ",,restaurant
3.5,,"

Hotel Nordic
","Ctra. General S/N, El Tarter, Andorra ",,restaurant
3.5,,"

Snack Bar El Clos
","Edifici Rafel Casal Peu De Pistes, El Tarter, Andorra ",,restaurant
4.5,,"

Borda del Rector
","Main Road, 2 | (Between Soldeu y El Tarter), Incles AD100, Andorra ",,restaurant
4.5,,"

Hotel Parador Canaro S.L. Restaurant
","Carretera General, 2, Incles, Andorra ",,restaurant
4.5,,"

La Cabaneta
","Carretera General D'Incles, Incles, Andorra ",,restaurant
4.0,,"

Bar Restaurant Can Pep
","Edifici Aleix. Ctra. General, Incles, Andorra ",,restaurant
4.5,,"

Restaurant i Supermercat La Coma
","Carretera General D'Incles, Incles, Andorra ",,restaurant
4.0,,"

Hotel Galanthus Restaurant
","Ctra General A Franca Km 17, Incles, Andorra ",,restaurant
4.5,1.5388704,"

Refugi Les Portelles
","Edf. Les Portelles , Camp de Neu Ordino-Arcalis, El Serrat AD300, Andorra ",42.618587,restaurant
4.0,,"

Hotel Bringue Restaurant
","Carretera General, El Serrat, Andorra ",,restaurant
4.0,1.5386079,"

Hotel Xalet Bringue Restaurant
","Av. Sant Pere S/N, El Serrat AD300, Andorra ",42.6184447,restaurant
4.0,,"

Els Planells D'Arcalis
","Estacio D'Esqui Arcalis, El Serrat, Andorra ",,restaurant
4.0,,"

Aparthotel Rialb Restaurant
","Ctra General S/N, El Serrat, Andorra ",,restaurant
3.0,1.5388704,"

Restaurante la Coma & La Girgola
","Carretera General, 3 | Estacion de Esqui Ordino Arcalis, El Serrat AD300, Andorra ",42.618587,restaurant
3.0,,"

Hotel El Serrat Restaurant
","Ctra General S/N, El Serrat, Andorra ",,restaurant
4.5,1.5267634,"

L'ensegur
","Casa Antonet 14 | Carretera General 3, Llorts AD300, Andorra ",42.5964092,restaurant
4.5,1.5267634,"

Braseria La Neu
","Avenida l'Angonella S/N | Av. L'Angonella, S/N, Llorts AD300, Andorra ",42.5964092,restaurant
4.0,1.5267634,"

Borda Restaurant L'Era d'en Jaume
","Placa de Llorts, Llorts, Andorra ",42.5964092,restaurant
4.5,1.5267634,"

El Raco Del Prat De Les Mines
","Ctra General, Prat De Les Mines, Llorts, Andorra ",42.5964092,restaurant
5.0,1.5267634,"

Bar Aparthotel Fijat
","Ctra General 3, Llorts, Andorra ",42.5964092,restaurant
4.5,1.5191982,"

Restaurant Font Blanca
","Ctra General Del Serrat | Ctra General Del Serrat, La Cortinada, Parroquia de Ordino, La Cortinada, Andorra ",42.5756916,restaurant
4.0,,"

Cal Tonet
","Carretera General d'Arcalis 3, La Cortinada, Andorra ",,restaurant
4.0,1.5191982,"

Hotel Sucara Restaurant
","Carretera General D'Ordino, La Cortinada, Andorra ",42.5756916,restaurant
4.0,,"

Hotel Cal Daina Restaurant
","Ctra General Del Serrat, La Cortinada, Andorra ",,restaurant
4.5,1.7002186,"

Vodkabar Andorra
","Pie Del Teleesqui Montmalus - Grau Roig, Grau Roig AD200, Andorra ",42.5324162,restaurant
3.0,1.7002186,"

Sagres Restaurant
","Estacion de Esqui de Grandvalira, Sector Grau Roig, Grau Roig AD200, Grau Roig, Andorra ",42.5324162,restaurant
2.5,,"

Restaurante Piolet
","Peu de Teleesqui Montmalus - Grau Roig, Grau Roig, Andorra ",,restaurant
4.5,1.4968131,"

Borda d'Erts
","Carretera d'Arinsal | Carretera d'Arinsal S/N, Erts AD400, Andorra ",42.5615915,restaurant
4.0,,"

L'Hort De Casa
","Carretera General D'Arinsal, Erts, Andorra ",,restaurant
4.0,,"

Bambu Oriental Bar & Restaurant
","Hotel Palarine, Cta General D' Arinsal, Erts AD 400, Andorra ",,restaurant
4.0,1.5162798,"

Moli dels Fanals
","Av. Les Comes 3, Sispony AD400, Andorra ",42.5333142,restaurant
5.0,1.516434,"

Borda Jovell
","Av. Del Jovell, 18, Sispony AD400, Andorra ",42.5361431,restaurant
3.5,1.5167431,"

La Burna Restaurant
","Av Del Jovell, 20, Sispony, Andorra ",42.5367218,restaurant
